well_id,unsup_score
27521b796ee4417e99ae52a8cf0767d0,5.884123
15e8c93423034269867f045203d6c7b7,5.647467
173fc8a390a5491b941356154efc66a7,5.647467
5cf62d76879f4c5d8dab9ecf3507fc84,5.647467
f37a34b39f494cbd9ba0ae69aa7058a2,5.647467
02a3d8c533f94c078f62f801cb88148d,5.374126
a438378451494396a456f149f081cc12,5.297132
ffd87ab0c8ef4567922207f65d094062,5.267643
bc9077d266c548b4b14c9909b3fcba51,5.211868
3e5d3da1f62747048234373cdb6b2be7,5.173501
aec5e600db654893b5d480ff583e2c52,5.144017
28a07f1a9af84d26bd2ddfdf283c5ca1,5.137616
e4f6d57887e647be8a15d685405bef52,4.983592
0ee85d3fcfcd4e69aaf8caaabc130c39,4.918043
46d9f92f2ba24730b83c80391ac3bfb5,4.884511
fff3555571074fefb82ed582e3d9ccd4,4.720749
8d57188741134144a200721a1edd8f78,4.672301
cc0a41e52dde476390e516a3a96ef843,4.643638
8dc2832dbb3b44c2927fa6c7dab732f3,4.345601
ede3f6be1a204b7faf4ca0c0e084fbcf,4.270188
7da5e100b6124ad8a0262ce79cbb0d5a,4.228376
2e6315fd30534ec99db4fd76f222c24e,4.149723
d4dd572ac86847f1af539477d5e5e75d,4.062954
2aa513d031414266b7ca119b296cd018,4.017277
549df0e89dab4a2292bdf2c142fb9486,3.967092
0da66e1cf8b842eaa11e92196f5ee9d5,3.958340
d3869d66b5ac437a8f7d0c94e94b826b,3.872125
07b6a9c7187a4bc3a160a26c750066af,3.870278
8560f50b32dc45c6889aac5ad43dbc25,3.857137
cd8be522fa304b35a36f51a27e8c68be,3.836020
ed18e461bc38424fb4c24cdc7c42e61a,3.812175
7eae21206de6493386aa9ee9c4a09b68,3.780464
71c8e8b3c5764cad8dabd74399406254,3.765635
348cced7e4cc458fb88bb37c05500029,3.751488
9fc86c3b4c4741f389afefe1d9c9a2d3,3.733296
908108bbe27944caa52725be57dedd41,3.725791
480f3497bd17407dbdc756d8debe967a,3.719358
fe0ae12eb2b149f685b525a5a3dede92,3.674661
c5ebde0006154ccdaea6ddf5b2bbfc8c,3.663960
89a88982f6b0403498073e64ae5a6498,3.634040
e142872a7a7445a28b3a5750f5eb945f,3.572583
905fd485c2c24868ab120044ff5b9f34,3.569442
2efac2566afe4405bc3f04cccba86889,3.535559
0555f245365447d5bc4adc153cc34980,3.480192
46fdcb16c5ec4a30844092254a0e11d4,3.463710
580878ae7d3b4a9b860bded4c109178a,3.434131
b3dfc0f711ed41f0a4d4bdba0810952a,3.431118
d8c06de7e4c3430cb3916f9b39d591dc,3.378667
b948bc838c114cc790dffa2c89ddacfa,3.353188
52f58fdc0c7c41bab346fb3e42a8b919,3.342631
a16bd326bbcc459ca1e8210d28e5c01e,3.339221
3d0592dcb4b84262a00865191b852821,3.335752
4fd374b21c0145c7ae00d42c89595345,3.333853
8290ba756cc54703b8a687cd7d945b18,3.313560
94aa46c74aa14b54b8e52d170f848b45,3.305421
62015f20333a43e591af13e66f9d02ce,3.268032
0a9d1ea2306c4d01b729d9ff65587942,3.229981
f84d9db27f194df99c2e97c3d25c69ed,3.211995
14c4e168f3c94dca98b0c41ba50c69fd,3.200717
2f7a0d2b4d4445f7b2819f350cddc5f1,3.199938
128faf2259f24d10ba51a44204f4510d,3.193887
9c6f43f15d244502a35831ede7e58d29,3.171863
b64d60a22d5d47bc81c5727143f0e0f9,3.165563
dd78f723570e4d92913f2ae42fac440b,3.141815
828473f9a393442c935c7177f065b632,3.109877
0f82f8e1d9e645d9a71f96658c442647,3.103804
f86ac8ade9f846719126edc7fc985906,3.101083
49e8651c22cd4c34a383f0b95e3f0d2c,3.073253
02bc75fa9e6840c1aeab665063361ce1,3.058735
4500f4c604934ef79cc07df34b0d6e24,3.051466
4144d921711d4de382a0268439d3d844,3.029850
e8c01d1435f1417190ed81dd94115f59,3.029688
e12d898f973b46ddac9561f650a4a2fd,3.020551
b5499bcc4ecd434886faa4fed2de2fc3,3.003882
e660a77846784c28afc1c60e70d52108,2.962929
90766d71506a4d05943bc9088e1778c4,2.958497
a6d3c219b70447e5875f38bbacc53248,2.948780
900d6df759c44f4aa5c141879346a0fe,2.934676
44cdd62f38d74604b778b295fb213583,2.911606
ea30b3862f4c496cb5599a0d1567950e,2.908942
7801cbc7f02d46b29a2481ab87c61a14,2.867778
91962be3095845ed97e0199b3f0c2446,2.851005
8eda5182c4e549778297f6d35aa7845f,2.837738
008a81a1e28845dcab7bed7d8febd9b4,2.780114
a320d645e2054123a82b3669793b63f3,2.764759
8a684971d7494407bb79a3964bfac88a,2.758194
9d3773700e304fa69afbc87b592665c3,2.756236
dfa0b9d8f41d48e7b031550f802867cd,2.752700
f7fb5b56cc8440ad8ee6219c16ca8f05,2.737885
b42f4bc91f0d49ceaf464500f509d38b,2.736345
312151292209410484bc1591484ec9ff,2.701521
2d0a0bd6fb914ec7aee8db5561971d0a,2.684367
ab151fef037744ea9939c0d6b26d42c4,2.680045
85f7686a35b14fffa6af690a94f7d603,2.674008
9ca4c9a19aed4960be08aaadad293e43,2.647296
11bcdd09663b4d50b2b864b858a3248a,2.642275
69f6c904ae8c4b83a4cec49f3f806bac,2.637365
f256c803606f40e395990d156679e382,2.632032
4c086a70b71e44f083d84b5a556078b5,2.621702
5bbe373bfd6c45419636f78b11132a4d,2.619918
c7a9efc1d26d42a1afd9895c2ab855a2,2.617630
e3fad88129ac4089b929a4883e260cc4,2.612085
38cbf12a66df4cacaf8521624e92731b,2.608068
d61843f86fb74ec285afbf79c3712fef,2.593690
45d1eef879994ee3a222c7c5046c7a40,2.584614
ab6d2876e70c4dca98d2c304ec6186d6,2.578508
6b6247d738db40859f689615c36e1517,2.576401
0e71c53a6b164a4b923949199b8cacc8,2.541368
5f496ea5da694214950e2091a6cf00c9,2.537193
c6b504ee43354b2e92a3756ea1164de0,2.506420
2621dff689d047abaff0ac05b0cf0c8e,2.494282
216119e0662e402aaa26caeab7aaeef3,2.492166
324f0f863dd0458ab607a249eab2d2a0,2.484112
c1e436c474d0419f820ce4a3fce2d6e5,2.450132
16140b8307e54d2290113df2ce4f8929,2.440017
c3dc22dbb58340a49d809eccea78e62d,2.438049
69caf4245971407c9aa6f3ce57961629,2.426855
7d2cd7cab9d841ce9433e010585f33d2,2.421225
d2d409e1b4454c59847a7c29e001eba7,2.413785
08fb17d42bfc45a3884194f597f755ca,2.411159
ef9f6526c6144ec7bd8be8c7d0a35cc2,2.400642
faa00ea500e64beeac2beeeea27345fc,2.400551
2ccc524fba7140079c0b05c9509bdd3b,2.393015
8e2d55fd74694adf959871faa86fcc00,2.389539
f1b461fdcfdc47ef9680eeb5076fe8ec,2.383329
4069730a6f364e2cbbb6758fd742a116,2.379907
d62c818a3cd6489a9ae40a8a5d6f9612,2.367463
a3cf6645ae064d76a242f86d9972d175,2.314976
20d7e591f5584e95b1c92420a8c861eb,2.308404
c9f9cff411914d52b693d8baf118c3a0,2.308359
f1383d6126d846108174d465629f3bae,2.303254
1984a8e33aba49729af48e4fe9a0c692,2.281923
c978e883ef8f4c93b86f3f227ab7b926,2.267123
7405be281326458086ae2b06b4138d45,2.254634
a5f85a78e3fc48788ff95b8b28eb334a,2.245461
1792d7195ead4bb797ae1664cca53f16,2.234571
4ca6531db71a47e5940fed23b91777dd,2.229154
fc813aad00ef4cb2a4a0f2a75bb6bf34,2.192700
0d9332063bd14ba69e224d6c9276b3ae,2.179973
13b4a532e3ea447fa56251d46244d9fd,2.179233
040086c1b6fd4abfb585e3bfe78244b4,2.117943
9f932f90e3684011ad32261d50ed82d5,2.103656
7d3cbd680e4c498c947ade2eb9ee0359,2.074885
cf034af9d4914365b9a56d2a2288eedd,2.072310
6148f8bdf2094c6abd3a70397cb07231,2.066952
7793cf107fb24b25a6e0d412b742505a,2.060727
6253f321f65c41b1af1c3247f259bd4f,2.044749
75365fe5896143f29a864c5b1011261f,2.030835
1a9659fc83a54b908dd80813aee281a9,2.024444
91600b5bfe814aaa9ff7736db94d3878,1.993592
11a3f34cc694444982a8ee48602a63ce,1.984916
14196706720946deaadfd0ec58f7b118,1.984014
657d1a739faa4004a66285db8c8e49ec,1.968207
56c5b84a2add4ec584d015e58a42ce39,1.942544
e760f94fa6cd456e9752205f39326387,1.929234
f05ec7f6bf1f4f54aae9ac6f9e78a0bb,1.907919
05f283f468de4325a1cef03b23682244,1.876384
a93a88d2e33c4ec6ad1ab4e2ae797dce,1.851963
94afdb4ea7d143b68059b30d3bfaab1a,1.849831
4d0f6c870f3149e6a1887b0f96d50c56,1.818656
92683076debb4cb7a880bce3115aa783,1.807083
ba5a768403d743afa27a80795d3ee64b,1.795641
4a86fdc7116d483293eab27839d0df90,1.788902
c5e85d0e00084e9d9dbf07885d655a2e,1.787343
8c9c30fd606e4af5a20ccc7c4d31c0e8,1.749535
929a8b56055242d1a478e9686eeb500d,1.737113
d15dd0da7eb8430aa186a0a41fa36a5c,1.723883
c092458894b14e259234749b5967e42c,1.708457
c25a7d8b0a7d44ec8d39106ef96597dc,1.695428
ce5da5a4e69a4047ac182de95c1bc6e5,1.685271
cd85572c443e4383898c428f53f20b41,1.681165
2a96ae191a03486c8fd3c24973418708,1.657284
92f6f4312ffe44b99dbe7c9611443bc4,1.653242
c99033dbe7bb4dad8951879a1ff57d7d,1.627953
8d12c9a7a436418e8dd3670223c5bc8b,1.612650
9ad37eadb773417193123801d335006c,1.608955
d9a8c1c5b26e44598164582d63be77ae,1.605869
59b2f1d6ba034624a79f192c6be277a0,1.596103
acdae78dc83b439baeda9e712a80bfec,1.570475
df9cde6697e0487490e190b75446ff39,1.569240
d392e94908ac43249c1af8b2046d90ca,1.568094
fb9738649e7d4b72a91c9e4db8439b59,1.557702
18af92589ba448d8a609de9aa0524f2c,1.547080
c7632c561b644b5ca2f3855c6cdf7cde,1.501677
973d1b7e559b482fb906dd9bf550cd33,1.498637
36d22478908b4f5fa7fb13518f025592,1.473880
4ff18413882b4f7b9e353d1e37f81fdf,1.472242
9712423502314bff87aabfc423210e70,1.469093
0fb8928230a446278d65ba49b50dc627,1.464409
3f49b4279fac44e6bba49efd27f32484,1.456346
133ac4f8766a4021b82c3f988b6f41cd,1.455695
7dcae6b79ac84176a82f4725f02079fa,1.446081
7a7e4b78a0c84c2bb8aa18d9dc347735,1.435103
282c01bb93b94fb9b89718874203db76,1.427503
070ea204900243aa8b4650681aeeac64,1.422830
646402015f8b4a788c74ae3a0c731d96,1.411624
d5eea28cfe974dba84658931a3f32348,1.383686
6d8ddf0099f0436a8bc068ece3a68517,1.341586
3daf6887e60641cf9ebf38dddc6cc705,1.285827
8d4944290cfe4370a7ae913decbf6bb4,1.282962
7adabf03f8534bf68765d69b635e2f0f,1.240206
061756c2dff340249661ed788b40d1dc,1.219573
22edfbafa9cb481886f10de541912679,1.211557
2debac8b28fd4a21a80d68cb788ff99c,1.206129
fa270f3706434d7198f5678f5223b285,1.198431
a55bcc06b1ff4b43bc827b8e903e1a57,1.181464
649ed8edc00441f592c5c2cd925be7a2,1.166379
877c8e4acda041fab891b3b63bf0b315,1.145936
6387711641ea47c2a643f5d0b187c8b4,1.123891
08c9992f01f94fe886a8e156aca4bde5,1.068389
6d9eba32ed7d48efaf0f7d649c17ec8a,1.026908
c81ee4a58ba34758a23bfe984cbbadaa,1.020475
0cb8704054dc47608de0f28728983293,1.012528
1005b570d68642d9aaaeadfc3957525e,1.001545
16e93e9a67ec4a3f8cc523e1208dac5f,0.984869
84ca01c4e95b4b19b752915c6d486abe,0.984477
644bd403a9654940a3ffee327be532fb,0.869700
f75cf13b946a45acaad94dcfab8b5391,0.867576
e863b973090b4b56927dc51c9aba00c5,0.866739
1bc6b4c9d770466eb414234e58312729,0.854198
00dda84c93a842bba5c912dcf3d7f884,0.825511
82b9baf59f84471ea4f39aa71cb67d49,0.817254
bdab7eddf2dc439093160a1777a54773,0.731760
6b2ba1842a224d9eb5718401525ae7f7,0.719848
a5eab397f611490cab081f34c38d61d4,0.616178
50aece47871b4721932e32d72c2cecf7,0.553026
f3a2f6cf7f084e01bd4a204b0b400d80,0.551053
b599468a046045e9b9c8c2b9f700fa94,0.536787
dd96b61ad76f45f0918e5dee8a00dc3b,0.513375
5a5bc1b1ec7a41f495f1872c851d19c0,0.454238
69b5a2341d5f4b2095cdec434860e8ce,0.423760
cd179675ae654f719c315e31d0200df4,0.406755
a28e37794f574e2f8152800af0040424,0.391591
9d2b909d12094dcc9d85675c1e3acb52,0.361560
d75bd7093c354cb2aca568b446167f68,0.345511
8c190a4a479e4bc2b7119488ba11d79b,0.337747
5fcc58da7f5844268fc6e014c94c9b65,0.319312
b847ed7fee84449c8ac2d089a801fea3,0.306771
c4cb3d4c14ca4603a28e1d1d8b59b6d7,0.291765
8527651d6336490e989e84514eada34b,0.262004
324bd097e52d4c298607560e6d6ca63a,0.244408
8f9f3038baee46cbaf8320876f96cfc1,0.240495
8854657aaa564d119d83a43683a62b9a,0.237779
09d16b74a4f54b43a747d0d1d8b7c3ea,0.216112
eec4c158698441b584af4b0cea5ad5dd,0.209105
a631381fee83432ab7658c474b0558ce,0.207265
5bc090d0b99144f388696d96f3ce4f90,0.201115
2c2f3d1dda154e509939e77646323de1,0.160537
6e0d172eddcb40edae1cdafa223f5e02,0.141200
805e216becfb4c13a0fca5085bf57f3d,0.132554
1d091abafd64459cb1bd6b580b79a409,0.132084
2b8785d563694c829872490c4e4393fa,0.125257
ca4689b32c4140ec8d9bc8818889150d,0.109969
2c2917c9074446fa944f3d998f0e07d3,0.070225
d8b53930357b40de9416dc5f27ffdbf9,0.051866
8d00d28949324c9a86e20db0f55006f3,0.045053
96119ba902094fcfa17d764ad1176dbf,0.042492
c3b8a9c281dc4f2ebcf3916ec085c13c,0.024560
3468de608d33496a8ef0ca763197add0,0.011397
f5e466c497054219b6e299f51428c11a,0.011302
dda8ab952bdd4f7dad355d2bbe91d577,0.010180
c7d285dff2f3480ca91a42317323054e,0.004760
c66bb842523249c688670be88df81c8d,-0.000627
67727a7b84d8479da3ce84c19b9e0341,-0.031483
57d3bfec47da45c7b3898f32332bc647,-0.031617
dbb3c3e2a8fa49c9b9281cbffed6e117,-0.032266
02b466d77c694e06b254edaaedbc5689,-0.040843
87fecbec98c04858a264566508d8288e,-0.043444
3b110bf28b1c4276ad6090a4505b18cf,-0.044031
aceea6314f3c4573a6bc98dd34e1dba0,-0.057665
5de167660cc24edca73994c434f21321,-0.059035
b0923d44342942248c191a8fc9d6a27e,-0.067130
93258a8220514a6e84efbce07f5b20a6,-0.068803
6f27aa98a82c4bb58b1125c2d4da24e5,-0.072976
a41cf0f4f5dd48388f33b4f6e09be702,-0.081345
3b1a1ea3dbb4479ab07954aea3d3955d,-0.082362
183b4fe5c2274412a717271a499a7639,-0.083942
38f6d9ad73b4427b855a3bb8f56524d1,-0.093952
10dfac37ac4946b294505d1dd5cba522,-0.114603
0eb41ddf3553443b90687f4076513d78,-0.117787
5ba3e39a59ee49929bd438421204be20,-0.150889
751ea7d213bf4e21b7d7757d65440cb0,-0.154363
1735a543de6649f29859f081fdd9b8d1,-0.155231
bf1c19cbf1304e3686753bb8c0a2a91e,-0.167276
f94b71b7984044bf82da51c9ce178fae,-0.168939
d40f9485e4854480a9028425547fc569,-0.205825
03f65be0dc074aa18b22c1bf21a0e2df,-0.215510
937471db8af84267b3cafafa49ff5cb7,-0.220474
e182e0e5f2c94cb8bff34af8c35c99b1,-0.221539
6eff62d89280468489074cfa7ebe76ff,-0.226829
6f2b992307834b9aa68ccc90a5abff0e,-0.227569
22819c615bfe46a59c1435440ce54073,-0.248019
d51dce42be4c424280cb1185500926cd,-0.251783
1fc54168c419478083772e187deb8a8b,-0.257412
fc59fa62ac5846529e3d168a7ec74d5a,-0.272802
220df64397d9467f9e44c39d30f67133,-0.275427
f32b7279e26e4f5982d60f8506149c0c,-0.275584
82dc3f19692645bf97d0d3e8c640af14,-0.279163
beb6340dba134430a1447fa2672a7291,-0.279687
ec51c597847442cc991e88d84d293496,-0.287612
79653a8c36454549bc6ffae009d86773,-0.299251
9b5d3dd783e54e4ea2d429c6fce0916c,-0.314025
67f3a97e674d4c2a80c0b2b27e20fbe2,-0.323419
070cdd6c286447b5971bcdbdae557847,-0.338803
d9d42051df30442092e97169e6b88a33,-0.346695
2d5a1b2d1f3945eb9a4b2042c2be3886,-0.346803
e0828c75dd32475c995f338ed69a62f7,-0.355535
5427837d8af9459c9c2dea9540763562,-0.358163
1c9ae580fd694749920151854f0ad659,-0.358240
7485491f4add4249b731b80c4321f849,-0.370323
06da48c78e6e4e1095bf12be7053fb3f,-0.376830
0effee457908482f8512b9dfbae7cb85,-0.390472
5813ee6e470647cfaac17f00da75588a,-0.402435
ca4637d32cec4e21a8d475aa720bf1df,-0.403425
795d056ed75a4638afc7205f2d1ae0a2,-0.405097
bf3c6fe265dc4afa8cd035889eb4d61b,-0.405817
b7902bbcac7b4145ac6fd3e7707fdaf4,-0.412728
144c94959a8a46dd82f9036cbdd045a2,-0.413487
ac734ca8f69b4b4bad5995659dd0b27a,-0.413724
241802c0e52c4827a6c6ccb619da8936,-0.416282
05cc418b68194a9ea4fbbb4affde607b,-0.419134
4e0238e587a64b268ac97999d9fdfe82,-0.422052
7f5968bc6a374a42af17251cc7fcdbff,-0.442389
7b40dad206a945ae939590ab2ecbdb12,-0.444055
7c2c508766b946bda6131cb5ad981c23,-0.450738
9fdd132450e64b77984c4e4588e079be,-0.454229
d7358654c48a499990f3e16b17a15a20,-0.468178
8a797252026646ae834dea41b42366c3,-0.477374
70e179d08bd04b34ab197839ada14bc5,-0.477436
88c74b463cec4dfb905ae3fa1278dd29,-0.489977
ab6eb6b2dd9a4fc792d5839ae0445036,-0.492688
1c44ec42a9c741109a67728dfb4f138a,-0.494458
d84b2b8a7fc84d51ad4b61bd33ea2ce9,-0.499486
cded5e12318a4748b35946747bdbd5d2,-0.499763
1ba870df769f4b72ac995f39f9ed1a04,-0.505523
876318afee794392b4c68e75315c610e,-0.506793
3ee9dfef4f714dd2b5ef92eae0659c10,-0.507785
261246ac08124561a5c2b4d4aa41369e,-0.516316
86180afe35394d7dbd09b696ca93ed95,-0.519680
9442ef2e2bd74da8aa05939aacee6d13,-0.525381
c5d33ed1b0b542f780bc711af2b02798,-0.533081
9aa9c39a089945c497f1939d80d1692e,-0.534058
70ba73f530784082a18b30f072acf765,-0.536132
fc358642dcd9478583c9b898ca45f044,-0.536628
66ed2ca2f9e5451395d67f12ca00564c,-0.547506
903f9bb045c340199157c6771277b7d8,-0.552176
5c1b1ab940dd4d678a3e8172c959d169,-0.556941
f9ce89c1fbce426e81190258a3bfb738,-0.559475
19cd4cd21d2146a2bb43a85a664a9af2,-0.563547
068f5ccb27504188a42183155bda4bb0,-0.571878
aa4c813d35a24336bf10bcb7252ccd6e,-0.573992
d867aaaf67a44a3c90950932f5852c16,-0.575913
08a5efb6580448f9908d0b5e9c29dfeb,-0.579178
3b632e78ee064229a56838341a7488cc,-0.580358
881938024e424ca5bad68e59aaa1bc1f,-0.581443
a68c04908e70454fbf93c673414a6fe8,-0.587931
c8814c53241f4a84b9194a462011bc51,-0.611522
01cb6035729e431a9153167ad247edfc,-0.621030
3f617c3ff81940e18d36b4e544ffe7b9,-0.622386
4d40338bdba64869b81e7902c063b8fc,-0.627506
c9a04491523f4fc98849cec3f648bdc1,-0.635100
39a43c6195b54e1a80b5a217a7718942,-0.642112
6fbdd8ffe8f444d7b7338764d20a5c98,-0.653349
c5cf0da7c29746138727e92524c9d4b0,-0.657825
c96dd6f7cffc4e4bbda618df013ee2c1,-0.663660
82b88d129a9c4bab815831863cf87211,-0.665611
f2f3021cb93c44c0813870d2a5114a0d,-0.672113
55c41398e72049708f03c2100ba39915,-0.687070
84a1d803f460421d861d7abf1acd5130,-0.688690
71b9c71536c2440c82d6eca5a035bc73,-0.689986
83fd2e7dc9dc4a2b8600d4628595cd60,-0.690192
333a745b78a14bb396c4ec002f45ff09,-0.691424
81b5dc9199ca434cb8add24404ca6edf,-0.691721
d3859c9ac5a547708bb04ba029387c62,-0.693773
c25fb6f564f34db99b3d19778b015dad,-0.696237
55de7429048a480d9192606fca60884e,-0.696378
714d794f9fba4e75b37d674b36806b5c,-0.696465
d3a0f82db1f64f63adab91501dfd80ba,-0.701939
e95c8217b0d74e0786c77b6bf0af5043,-0.705321
d9af0a2a425d4521b6017fb2f437a77d,-0.705561
e5b3fd61e33f42db9dcace8372d1eddc,-0.708769
3cec552899cb4bdba44391ff728177d5,-0.712521
61e37414cff24f0ba822aa2fcc3969b6,-0.719051
c28d56baa82447d7b0c7a6e78c511867,-0.720808
5d3fc580b44b4ae5a5d7801c5d8888ca,-0.728895
36a2cf6d2d61405e836e9c94d427ac36,-0.731031
0520c101e4e04507808cdba98cb10377,-0.732474
4d62054a58df4d9abc18ad6b5998c8b0,-0.733613
489eb2fdeba146a7b0ab9cc935316b0c,-0.735926
eebc1b1a86fb4b51a7e78c1c5d6742f8,-0.741381
30ec6626e5f64547b0bbfca81f2a7272,-0.747488
2e33364b8c13471b969a6a93565f84e0,-0.750721
89494fdbeb9141f0b68657063292ca51,-0.751065
552b4b4b5bff474293d9226c8af380c5,-0.752054
ac4d195ed6ea4b1082e00b9852b80bf1,-0.754582
1a7021f5236d4fb18c60308943deeaeb,-0.761563
3870e29d2fc6438ea68b2aa5d015c47e,-0.768458
ba6021fa3df94585ad34afb3d90534f0,-0.778224
45fd2e993d98405da0140ed902911953,-0.781632
83bc5727d821493da09e8887373a8e86,-0.798525
3821cbcfd6024b2181d7849ec6d7bf9f,-0.803934
759c85b114444c8aa404264f50bb5e80,-0.806506
3ccdc50ac2bb4b22aadba77869c47fe8,-0.811941
fb2e7e9aaa3146dc81463fed92e31468,-0.818568
eea781459df448f8804e9bcd69827de6,-0.823603
2796249facfc404a80e3e48e4d4368f0,-0.827336
2caa5d1edc254f8ba97a0a6d42f894d5,-0.830468
4eba0de8fde14e248eb5151fadc6912a,-0.836640
c4d40331190249ef9c7302e3205cf08f,-0.838305
711f3ee479f949f8afa0affeecda884d,-0.847040
08b88f478410445a9e77d14bed3a366a,-0.848664
97c36c0b1d1945bfba8e053809101906,-0.849138
3422e18a242743b08ac48163fded0a29,-0.851025
e006e096b0064fac817060d1153d0a3a,-0.853009
677c30fcaac54bfc840aedb0e209f3a1,-0.853452
9bdb942bb29a49bc892003d60b26b340,-0.854586
c02404c20668405a9ab8b15770998ce6,-0.860307
d7a351d4fb6845e5bbd2442560c22e77,-0.864369
f8699e9056c74c8ebaa25f2b6e90352c,-0.869796
44ddaeb988ae42a684992aaa52f31197,-0.873018
244bc595e36b4aa68f9ad81f4418bcfc,-0.874291
8c4ebbc892ee48ab888c12e097828554,-0.880567
dc8efa1e66d942cbb766fe31a202928f,-0.880828
33728e6e47f2467a9888fc375c2c7f4b,-0.881153
584468aba38248759f0c1c655eba22ef,-0.884606
580a1915d0cd40358caf8aff73a84ca8,-0.885830
2da3fb13245041dab9a11b928a30e50e,-0.889978
61fd8e88a5c14df1b220c525fc7c492c,-0.891400
56a19b58cf5b4ae4882ef5d8ed75dd53,-0.893088
9b9966503bb3493fa6b1954015600a63,-0.897585
e05ad52621c148fd9f137d77c5ba15cd,-0.904722
f194b71229914327819e57e4c33d517b,-0.905190
4343c76850f9400f927bbec05d5d23ff,-0.907933
e2af8e4675984cb6870959229f610625,-0.909300
6de968567d204c36880503c0276e5935,-0.909910
5ab9bd5da7a3447a836707fd8a167bea,-0.911016
14cd7be78a204584b47b542bc22d69e3,-0.914443
2f308ad4973b4867a164fd93a421f13b,-0.915746
1660bf50bfc04c6e85d4c6d8b71c00fd,-0.919157
91564ccaab1345f19bb5c2d4ce845ec5,-0.921355
3f46309b1b4747a8a1f4d3dc336fd442,-0.922192
47e7976204714447ae55352833554499,-0.923573
290f15eaf8364088936029a241186980,-0.924999
38d1f95692f24bc58bcb6d2aab266300,-0.926767
b77b9826eee942aebaba6c3cb8031016,-0.932120
ff474e749142418b90c167f465c241b2,-0.932177
5a1f27572e304c3580f9a587c080e8f7,-0.941013
eace6fba055d477585f6e290db1664e0,-0.942716
611d0b610d91482db907dfd8a97999c1,-0.942765
767ebdeae1304eb88948607046e7c3e4,-0.943762
f9dd3f539b77447a969bd97bfcbebbf9,-0.957099
fab05afeb73d4fa7977400182439fe1f,-0.961251
21eb8e5aa5ff476e921329770a693d54,-0.961296
b5287b7f53eb44fe9f9ad7db306d52b9,-0.961551
a9fe7a3ca047416aa1b4a2e9d57f57bd,-0.962300
66a8190e6d374fd882a13e54bf5aae98,-0.962545
ba5e32d9fd1c41809bb610a487c83567,-0.963845
664dc7b84b3340b38ea0848eaaa45121,-0.965200
e405b9ff70884e4daf8ac642ef9f128a,-0.970446
a7e4b87fd1df4999840057ca8631453f,-0.973788
2cde6c0bff7844ff99ce40df4be36d7a,-0.982385
aa3727c0c7ca4a29bb31a55b49419be6,-0.982700
c255171f3cfc4b1db5ab3356e42c96e4,-0.987215
be7aa9944e8e4c3c9eaf2f0121a963a6,-0.987725
4c8ee9cddce340dabfb3da822074d83b,-0.988104
d950bd5b60b74d18b48a39eb38fd3bfc,-0.988525
be7d21ed46d943a5a993855183b9fa1c,-0.999284
53bca4d0836c4e0faf50675eecd55a04,-1.004758
4f21e76230644c8a84e6b8cd65df7d1c,-1.011616
9f67d2a0837848f8879901fcc8555da7,-1.012107
23c85adfcc324699a0012c003f26ceff,-1.017789
98a954e064214add831ba4749a3c7296,-1.019958
30e47956dae642edae3d8b6100a6dd57,-1.023947
fae90e7d9dcf47579777ec1b58ea857a,-1.028572
66994dcf53a44af5bf2d9900afde905a,-1.029112
3c5f9d1a865644a1b1bcb9dac37fce68,-1.031742
818bf7b67ef541cfa3e625cbe4cdffb0,-1.031781
2de8019b0c8a47d5a79264d63e3e77c5,-1.038502
12ca01ef590f4e0eb98e10547d6ccdff,-1.038784
87650c3c40f844a3b4c6a83488b1634a,-1.038834
e48ea5ccbf4f4464bb30fd2706d1a9be,-1.041890
291ca8b6d90f41029862f8723c53e75d,-1.042754
95ebc9a5921a41e79cfd5fae3e5e2789,-1.046444
e9d553b99f7b4d9db6379d295a63f899,-1.047432
e343a5cdaf1441368916f90e573f7ab6,-1.053367
f964f79095a542339bb762cd1a1373dd,-1.053623
96cfb7375392410c91bc8677eaaa3bfc,-1.054401
1bd068fd2e3f4364a082d903a14eacf1,-1.055010
dc6186f7feec4a4999468cfffc5c138a,-1.056473
2a25bf93b31c47f282c9c2fe9949a115,-1.056925
d9220e31256f4cdaa1093e542649e1ac,-1.060594
28a1ff20e15c4c78b604b62fdf2e2cf9,-1.060747
3f0e5d2fa69c466bbfee04d9b76d2eb0,-1.060938
a064604070b843c798d37bd88bbff284,-1.063539
2aa0fc483f214096868dbca4066eacd9,-1.066886
e17e396b443b487bbaf9f2f52d5041e2,-1.080338
1dee15dd67d749df826fe8f0ab8f5f99,-1.097731
22ea0efc83ad4a83aebcb6f79b8f72f2,-1.100755
c3ede4a161d043549fa0000381074e05,-1.103024
6b248910e02a411c8f460ce76957f035,-1.105336
a3d28d0e14cd4f58a4d251fb3389dc2f,-1.109975
63a86acc883340639a64b1c40e76f9a2,-1.117646
79e991ba37f74e228cde0aac59ddcc90,-1.121766
09fffc16465f4819bf157ee7b07bc42d,-1.132776
37039392ff6245e4a5e9be691d43bf7a,-1.138110
0254d93c31c84cc286a97e99c70474a4,-1.138759
8952f80d33dd4ae89b5e5401f0e4e358,-1.141269
d75e4d341b1b45848cf8b43da9175cc1,-1.144870
a78e207726ac48a996954a994430f518,-1.148727
f435c6e9674a4570b7e5d8c1fa78722e,-1.150522
8123dd70a6314b6aae42f6de34902eb0,-1.157147
1fb2f7b60fe347e28acf5c0889417c62,-1.158187
e35e88b0d8d44788a9f26057e89a377c,-1.159153
90e2c31854a54b40b092144a15b3d7ff,-1.159214
e213148df85d410a8ccd2a42d06a4108,-1.160223
e502dbca325047b5a4495b8a0a0246ef,-1.160890
0c59bb9bd1104fd2a0d8e992e86a47b9,-1.162750
dda638641ecd4f8f8032d4c3eaf7f259,-1.163949
0eef38575f2f484bb42f65abeff5c26a,-1.168164
83f204704cd041279f697d51b9ded9a0,-1.172353
89256da6f65347c896240bc5df6e3f91,-1.176128
d935db9bde5e430faf09dee388a5c0f8,-1.176372
a45fca73b84248e4a4ae442da34efaa8,-1.176448
7cf6f7f9bcf0462bb31cafb795406bda,-1.181604
ff31bd86858e49bda5b22b96e177eda6,-1.183579
3ed2ed8ed5ac4faaa75c930912052181,-1.184881
9f45e20d5f0a4ace82d5f28617f76080,-1.186707
2bd5da58ed7040feb8c95112142dd7cd,-1.187303
a2cbf46395b34ed49b852d0ea172a262,-1.188312
9d3d8e598c0f4528b7b7324503f4556c,-1.188935
edeaff348b034686a6c522fb819696c1,-1.195505
41e450058e964069b34c95bab2fc5b4c,-1.198168
971c3664e4af4d0191c677355d6ea76e,-1.201408
ffddd41006a3471ca0ea43259d977059,-1.203815
597035d82cfe41faaebd924b13790157,-1.205298
5e57ba7cb843402a95f31e7f559d6a8c,-1.206112
4ec72489709d4d5ebd41d6a840367871,-1.209964
ec8573e4a97e40588c11e576c41bc4d3,-1.211971
6001c06ed5a640b79929ace7290a1175,-1.218142
18148cb7283c4a34ba7cc3dd64eec59e,-1.218673
694e0d0be3de4ec5bdd9f30732acc196,-1.219470
fb7014aebc6f4e3481ea52c93935a9bc,-1.220744
317ee32837774f5fa1a7bde4747f6f0c,-1.221880
e0d161f28e4f43cc941fe7e582f462d3,-1.224480
bb2851ad35714dbeae4db5bd904f1969,-1.226181
d258d34b89454702a1a340a5e356a19f,-1.226393
6402dc49685a4a4a91cd22d3f7a2b371,-1.226598
14e39492275e4593a2a0b511ddb8e08b,-1.230233
f1ffe3ba914c4f929649c97a7295db03,-1.231737
cd8100a5c3b64c6c9b8a2696043d0001,-1.238359
2ebcd3a714db4a759f755816aee11181,-1.238878
a689119fdd3d46a3a7b12c093c79f31e,-1.239763
07d5a7d30b1a490998dd4adbd006d2f0,-1.241706
b5e3be2ec4b54373a3d32b80a1fb148b,-1.243685
7bb144bc545b49b489f1901ff410f9a2,-1.244028
bd3276400e6347d99a1c1119eae23734,-1.244057
e06e1b2f6bcb40f1a19d40f122ca336a,-1.252997
5c6831af3d334e87b4464fbac45ab7fe,-1.255098
2daf991fb8954eee9bac8f5953dd944f,-1.255373
34a3203b88ef48449105cfb7ced843c5,-1.259772
858af715a32a4ecfa0af5178c6670c5f,-1.259966
45cc1d9ac3ab406c9bf175a88e1b8c8a,-1.259974
542856545cc74971ab4a1b271a706d2a,-1.264918
4747cd776421453f9dc049fd745f2421,-1.266126
b6675b01f1f64cf9a0f4c4d6a2902942,-1.267451
e8a90ff5e9294000b4fc47b17e1ed153,-1.277644
1e964686c9614fceb65abb1c9ea81ffe,-1.282590
030a6ceaabf5430ea30acd671d0d2aa7,-1.285323
b3ec413567c942f9bbe1b6cfb6027473,-1.287184
72134cf142ce4570b6c9dd07093ddaa1,-1.290939
8a714176c3e44b0ea8bf6ba928a38185,-1.292077
6041687b8ec940608547bcdcccbf005d,-1.296248
cef729da6e2d45849ac7832a5ca90a1e,-1.298508
c9d166f7174640a7868a7d288ef14904,-1.305344
eacff8728ab4402590f56b835faac179,-1.305624
fe4e55da1e4a41f788b57933d491e17b,-1.305979
42cfe71ea9ef42b9806b1b53ec5f81e7,-1.309256
aeb56d260340458ea2e0b3bf2a116234,-1.311560
2da2db0656e14cecb9a6d1013879da47,-1.313748
ab7e57dd6ebf4f6c855cda050494db0a,-1.315029
394e8092fc0447788cfd0049cd5df245,-1.319168
bad978d780e84eb8af1419c468e84d70,-1.319774
fc9cabfd1b0147759ce16f0e4e5cb58e,-1.322184
66d670bb1c52489b8e300060ca40bfc6,-1.323526
9710ad84d3344403ad1d5bcf0dd97b86,-1.326401
4f368356fa72492abb5119e83f97372b,-1.332777
3198e2869ced495a9bba5462969a6f88,-1.334231
4e7b4589bb5941d2bb4a9aa9783ee247,-1.336677
01dc0279a4b74d0caffebb49f00286ca,-1.337561
62e32941223743bbab32b0994bfe3ddd,-1.339679
e69975de8dcb4235b4ab9b98d8a9e28d,-1.341904
e8a2b69120d24722b3914f69fe4072aa,-1.343815
c3f165afa995483983440d61381a419c,-1.351372
ea69e242e5df4cf3aac89a162390996a,-1.353380
bc9843e32c134802a45343c9110b9796,-1.354477
0a7498d33ffd47148e2b3931870cf69f,-1.354992
d5351619376e44789ab6afed2138b49d,-1.355432
7469d6dc462a4929b9881fd429ca163e,-1.355602
539f2c800b114ba2b2fdf211c2eade04,-1.357860
d429e0987e524e79947eff2a88bd9abc,-1.359035
44fdb519f0b145feb5c20a438635860b,-1.360721
711c6956c7684f66858370aa3f1f7920,-1.364873
0897d3c69d144bb58c5124d432dd4f96,-1.365279
4fdf95e035f04abb833353067d29d6be,-1.371324
7bcefca6719c40cfb2ae619725b7b304,-1.374319
5ba66480b6fe4da2920b6226c07a8b3b,-1.374868
7b964aa8d0bf49faa2bc24edfcfb630e,-1.375069
5aeab6677fec456396735cafe67cf3d4,-1.377768
fc76524ff0b040eb820ea3218d71ff82,-1.378878
f3cd8feda4a4411ba90906c785d4f1cc,-1.381036
1903014472524e2090ccb263f6c4c135,-1.384113
4669f25d04c6411386f1a9316aca993a,-1.386275
3a5aa1fa232d4dd8b93bb7e9a65bf68a,-1.386940
2b013c22a51a4bee8ac2164d4782b636,-1.391828
c6f461ac297441d0952fe980b23ea60c,-1.394781
05360fcd060e4183bb33f5fe50d4d1b3,-1.396846
2690c682297a450dbb0612f93f0767a2,-1.401245
6e96490441444631a1c8ec7c6c41a71f,-1.403888
bb23d425ae744c6d984bcb99ec315682,-1.407743
9336a5b2827143368634523d62391d96,-1.409600
498f4a160f7f4b55b0612dc0aab4d869,-1.410101
fab377d2387944af88386bb823273465,-1.411513
01155052c34b43b096bfef59b323d70d,-1.411978
0bb8e2882ad6426ca529fcfc730d7908,-1.412935
4e833a953f0042b18ee1367ea10f9630,-1.414258
3f0dd41f831b4046b6f8738ea0c56e48,-1.414725
bafc228eca614ed1a0cbec904ea8a24d,-1.418189
808d741861b242c39d1acf866eb9dc9f,-1.421013
a4b9b6c969ed4f808c217a1e1b8f5f6f,-1.421970
6724b5d5cac440418e54a451c33ff1c3,-1.422548
4146652502cf4faa81e8df6863bbc9ee,-1.423676
60c98f31baec4aad9e1222a464b317d1,-1.423698
3971e3a3055043c7bc6e2256010cf7f2,-1.426876
98aa171bfabc4404a601d4ccee30547e,-1.428500
241caa85c9484fad8fcb1a50c4522ed2,-1.431813
0a02bac0ecde4e93bfe72f9878eb836d,-1.434682
89450217f0bf4a2283fffef463075366,-1.436135
ac3e3f35d2454febae8be2f6b169d92b,-1.437000
7bbec0f9363a40f0afe6a68f09d42dce,-1.438822
4a6f361ce59541a0909cb6c6b5d594cb,-1.443327
deab90838f3e4e658c8d445ed3da06e5,-1.444265
799a71d81ba640b2ab0c853186755792,-1.447066
b3900fb75e874b638828b3a9a44078be,-1.449213
f53dd8dfd99c44cbb1eaf243559453cc,-1.450853
1e38232af3af416c98a1346d66107ca0,-1.451798
bad8b77631db4671a49c581b7ee4df82,-1.451995
c19860ebf4274b2abf54aea18d770c0e,-1.453353
63aa4108bb7f4854ae176f6c049aa4ac,-1.455788
2ad69e44683c48b4a02f167f029e496c,-1.456355
54c1f8ba0cd2454ba58ed1093c7a8429,-1.457379
2c840bb750554c1b846940c04240cbc3,-1.459649
fb96b4c7c87740748b477ab588e43d46,-1.462313
1cb6762bdfa0435b96f404ff4e8e4ff8,-1.462407
52783ab017664d4cbf39dd34d8546232,-1.463540
cf27141d53de458d8f273e50c13e25c5,-1.463762
77a4d3c6db2b44d99d7a40a73901ead1,-1.466216
8e68dae41fac463aaa794c8ae83b37c2,-1.469412
ea5fbc8600524681bea118669a649e92,-1.469592
34126618c487423ebec6dac4d543a3e2,-1.471431
f5fca5903ea340e0a0391eec1a973cb0,-1.472649
ca4ab208f4a84389a1387b742d1c4b44,-1.480254
f127184d853745e1a2985ac721f39bf7,-1.481698
4a22cdb58e7a48658c202066eac50392,-1.485623
94e1fca20c4741099162ce7e867eb8df,-1.486342
39447fa3c42343ba987784d1c23f723c,-1.488591
ff55dc44e45840318863347ef0add1d4,-1.491516
ae65b0fbc7614443b364781649807d67,-1.491872
68e810375d1449fba91f9c65933a9709,-1.501741
ef8d11b9e5da47ba8e6ca27646c6e0d9,-1.504570
dad532c012a24bbe9ec6c1fbc52be0c8,-1.507378
b91e78bb395d4daa9c2917f2a1c9c8f3,-1.508687
3020950e02da4aea9dc8e2cdad25c4d6,-1.509672
a4559501a8004d28a9f63b94c481c990,-1.510843
744e31a4d43a419ca3e777ebb4bbb3eb,-1.512781
4e5f407c4cc34df69b41057ed8d1eb55,-1.515555
7159d21d35a644d78ea96ac19f49b47c,-1.518104
5ce87b43506346b6a94e20ba64e2ed93,-1.523614
456ef2e2736d402e9c36d07850fc13aa,-1.524761
e41a5a2a14ec47b088d53933d9597c26,-1.527053
340840e246114f858b334e5fa2d43e73,-1.527912
38bcfa37850144e98d55aa2b820b090d,-1.528527
ec54c3af9bac43ba804776c0caf0bfb0,-1.529401
c8be3ea1476c4f069a34ec1a0daaa9db,-1.531372
473c1543e8ca4d3dba3e8e3af575bad9,-1.535078
7eacc63c466c42238199c258289f7023,-1.535413
7be10a7ff6e24e4f9803fa0742c91c68,-1.537621
38ad07821a184f7bb07195632e33f824,-1.539219
9c12cfcda50a44458d1a0649aad4191f,-1.540595
64e4f8ccf1c8453588866376dfc935b5,-1.541168
d4513e8e3a58465eb356902f90001af8,-1.541319
2f84f2786f5243a2897f15e94f2f7c9f,-1.541343
ec80e3ad44d845fbb3f57456d9cad21a,-1.542337
7f7fd5accd1146558e521ff393ee34c2,-1.542660
0f117a3776654487927cd62999b7826c,-1.543083
33aa298d8617412c878686ccd5babcf7,-1.543506
d80f359ef2f94b1cab958713f14b2e3e,-1.544460
ba5a477dc5f24f1993c3f76fa9212e21,-1.547544
51d67e83f6ca4d668fb9066d8e8d6009,-1.547615
dd6fe4b5523549de8c5b4a897c33ee0c,-1.548108
823e4689ce9b41ec9376ca9c1c0a4d0e,-1.553855
b103acab7951405290b8d757be9d4a0f,-1.553936
9619ae3f5756441880486688f02c447b,-1.556523
8d40a640d18c40b9bd47cd0980e6c7e4,-1.557620
a60b518a635b44c28022438b2a5eb3d8,-1.562703
99d401e61226485d87b7823f7a8bc480,-1.563602
231901bdd3c24ea5a0db4b34c84aeafb,-1.566365
dba51c8b787542debeb171ae8f402031,-1.568012
2ab8df932fc74dc8856d482da4908da1,-1.568542
0f43ce0462ea471f8500596e5ce3a1c8,-1.569093
17985982829a45dcb57ea813d4263567,-1.574226
41824c42f8c14b8bbfcf90a04490caa4,-1.575376
dd7149c9b3e7413c9f4fd737c8b59647,-1.576299
48873c5bc8e4442ea76f052ab57ead5f,-1.579229
f20234c49aac4e20a0fbd81cfc38cfbf,-1.581348
23468e3552ba43a9b0fc29eee3a6344b,-1.581937
21c24bf285904f7fbfadb4d7e0d596b3,-1.584316
b9ca03ea3f844f239ae2839f0df6da8e,-1.584427
3f1aa9eb002f4fb6a10e669c982b802c,-1.585317
1787fb253f9c486b851e5f5540fd45ef,-1.589752
d502e4a05955466ab6b73765c8d5948f,-1.593203
de8ae31686cb48298598f23477513356,-1.594199
0c3d74f5fa684889ac78442c6d05df52,-1.596819
9cb99c1d34d443ac97e92d706b4e05ca,-1.597997
f913064f20fd460daafac032a706a8ba,-1.598908
da397955a3b4458b8548f1a13462241a,-1.599800
2d9b42ff2f6742139830db95c7915ec1,-1.600405
aa3060f71db741ac99eb5d9e81895130,-1.602085
a8bda776bcf244778b54fba355385518,-1.605618
690c9f8cc0d7411e87cc78d3f46643f1,-1.607661
0614f545342d4277bce3d918d617daca,-1.609574
2df2a3b6d750407eaa705b853f8858d7,-1.611272
4e5e15a9d6074298a699df5f0480183d,-1.613504
ad85fcc34f3d4eb398ff5b2ac65455f1,-1.616310
2cf6e99afe504e0a8aba7fae8dfaa7dc,-1.620405
42fe1db43ba749a0bb26be4b0fa3f063,-1.621089
7025805b33374f0681afe8cbd53ccd41,-1.622322
cc32ecc2d11d4bdf8318973b884cff14,-1.625797
bcb5652be45f497da67ea459f75bbb6b,-1.626261
7b53af6b43f2472ca050cf8e87461c8b,-1.629484
0be80b6650d44e82984909303362144d,-1.631581
f8fe9cf54d1c40709d61e349e6607f40,-1.632268
8a72ee592ca74c9b8ee59e06e954f8f0,-1.633003
e7d794d2ef35467388a14e1a52f6aaad,-1.636707
e4057cee9d514914a33dd39fa1c54532,-1.637988
dc008fdf812840f0843ae1158a9bad74,-1.638421
495f3e95640a4190a645d1573468c397,-1.640246
c0e45b8eeaf944c4826ef8cf49c395e2,-1.640886
5a058a96ecea40979ba33cb5b6c1d4e1,-1.641914
4f9ff3be3fed4df3af52078b74d232c6,-1.646895
22af30f94826496a8a49403c1d17d464,-1.648098
e0eebb8388eb458fa26de7b58b79b281,-1.652163
793ca42a450e411da150ae1a9f1b0d3c,-1.655701
0a371dfda0f64272b24c7cd5b7d70e6a,-1.656954
0d6a3df8f9f54df4bf81c8601d9961c6,-1.658294
dbc3928d388640f1bb0be566935ca726,-1.659741
8e9cef66b8bc411b97488227a7877bf0,-1.662833
a0e28777844d46c1abec5380b4b07649,-1.664706
d2c0259526b34681931d9141dd509302,-1.664912
498a0b59772741b98e097fa40dd77078,-1.665846
9374f1aabd0d4c5ab65bfcfe0f85e1ab,-1.666132
bb640c3dfc0f4376999ee9d20bff6e36,-1.667672
a26eef2210ca43638ab7b0067de040c3,-1.670120
946558f722d24a6f879fb967cef5054f,-1.670624
1bf2798b1b154ab88b2da3eafb556c62,-1.679293
2a775616226f44d6a90bdb5e2d258223,-1.681577
1ee28d636c2c4fbb9bd54e0ad4ea7844,-1.682450
e5b90b7b56c743c9899bba81bd4417d3,-1.683452
287f3841a2d941f19baa22cd506d61ea,-1.688871
cc93dccb66794ef1923c6ceff7ccb7d7,-1.689098
f36a7dde45b94a95afa4cd56d8dc577c,-1.689965
ca81cc46eee04cefbe8d10f3356f8e59,-1.690545
376b6e0c18744bfea8ad87933aae16e2,-1.691949
04a27469892a4fabb084f2f2b5bbca09,-1.694903
70507a3c6850452bb65eff7a893cbde5,-1.700527
317491cb93f74461ae47415e59d250c4,-1.702246
ae55584502e041d1b8e16b7392e70b56,-1.702632
93c0eaca1dc04ac4b8551a9095827645,-1.703845
74afb3fc3c1e4d5ba9c68eeaf4256f22,-1.703926
bc1c4a67625149158ca58e06f2d4a66a,-1.708377
e60076b801b5448d9d27c6a21cebc3b0,-1.710003
47cba280f1e1489c88eacdb7e10f3ccc,-1.713609
4d5a3587bae64d97b79fc5b42df73a07,-1.715049
20d8a6f7e09243d0bba618028fdf62cf,-1.724857
fe075ff50d1d47ab90a27d479ac96207,-1.730369
0b18eab9ae0148edbcf9cbf607fb0147,-1.732190
57ae68e48f8c4a05985f35a415f1cb84,-1.737381
74db524c584d40e4abfe9a9e4126f33b,-1.754379
cf7261e14ce44c4ab66a9a7667fafaf9,-1.756476
909ff1c56be54456a93755cf30ca5daa,-1.758930
18b2eee7a6344478b0ddda665db4fc45,-1.758951
9f1930361439466e8a2d227cf700860b,-1.769854
3c099b8df0eb45d88f5acfc2592f7f6b,-1.778635
309ad0a7a60d426ba4cae964750082e2,-1.783190
fb26e8296d1e4d88a05da1cf02485091,-1.786518
659d56e6ad2b4a16a3e0178843c1feb5,-1.786640
ff71b61cbaf545f6af520c67cf2b1111,-1.787031
65fd04818b674ff3b9582c342a295ae3,-1.787747
4c1b4395b3ac4e14b03fab48ccc695f8,-1.789934
9cde2712a4b84972b695628912fa93b6,-1.794586
b5814d1687524401980b0726d6f4cac5,-1.828074
